title,videoId,viewCount,likeCount,dislikeCount,commentCount,favoriteCount
FUNNIEST OLYMPIC FAILS,bcm-2y5WfHk,11110373,124653,9794,24566,0
Top 5 most iconic Olympic Ski Jumps | Top Moments,vCNqB2oBlTM,4088,118,11,18,0
When Ski Ballet was an Olympic demonstration sport | Throwback Thursday,Hvdov1vaJt8,6447,302,12,34,0
Men's High Jump Final | Rio 2016 Replay,zW87tVnDKIU,13700687,50549,3777,1822,0
Women's Uneven Bars Final - London 2012 Olympics,rp4NKWb7dXk,7178881,21040,1574,2518,0
Women's Beam Final - London 2012 Olympics,VZvoufQy8qc,16756977,0,0,3593,0
Men's Archery Individual Gold Medal Match | Rio 2016 Replay,rzj4FFi7wt8,9142416,40028,2584,2855,0
Women's 400m Final - London 2012 Olympics,RW7BTHm5O58,3184255,7122,440,718,0
False starts and missed starts at the Olympics | Strangest Moments,BH6gOzFoYyc,1004304,7535,397,301,0
Usain Bolt Wins 200m Final | London 2012 Olympic Games,LWZQAVtkMBo,12802542,0,0,2465,0
Usain Bolt | ALL Olympic finals + Bonus round | Top Moments,FuiJHJz4f5Q,5536405,31327,1459,1190,0
Best Olympic Fails Ever || Ultimate Fails Compilation Part 2 || by Super Fail,nB5JfXJIMeQ,51704412,166646,51913,8732,0
BIG TIME KNOCKOUTS! Mav3riq Fam Boxing Tournament! - Mario & Sonic Rio Olympics Gamepaly,362cMAQibcg,16608,937,12,68,0
10 Olympic Athletes Who Were Caught Cheating At The Games,CJQDf1_JFSA,2486365,13987,1003,1029,0
Rudisha Breaks World Record - Men's 800m Final | London 2012 Olympics,YKEOjWEzVGs,5818782,0,0,2617,0
If Cute Babies Competed in the Winter Games | Olympic Channel,0pJU3jm0zkI,4801157,43867,2503,2529,0
Dong Dong Wins Trampoline Gold | London 2012 Olympics,doDA3zT_V-o,2074135,5497,517,769,0
Men's Sprint 1/16 Final Repechages - London 2012 Olympics,UgS-_E70P64,2853478,7518,903,355,0
Athletics - Men's Hammer Throw Final - Beijing 2008 Summer Olympic Games,KnHUAc20WEU,2964413,6070,483,294,0
Mr. Bean Live Performance at the London 2012 Olympic Games,CwzjlmBLfrQ,29453657,318916,6144,12762,0
Top 10 Craziest Deaths At The Olympics,QkGUQE3ckyA,5758609,43731,5891,4399,0
10 Olympic Athletes Caught CHEATING at the Games,ps-3ILw4mAY,30424968,62889,17272,6604,0
The OLYMPICS In Fortnite Battle Royale!,dJxQdqNb658,7156753,89458,3526,8263,0
Oscar Pistorius runs 400M London Summer Olympics 2012,vB_g-RSIGfM,14099810,0,0,973,0
